number,team,game_date,game_id,timestamp,pitcher,batter,called_pitch,called_location,result,strike_type,strike_spot,ball_detail,in_play_outcome,count_before,count_after,batter_outcome
"1","","2026-09-19","legacy-20260919T180356196Z","2026-09-19T18:03:56.196Z","Lila","1","Fastball","Middle","Ball","","","Missed spot","","0-0","1-0",""
"2","","2026-09-19","legacy-20260919T180356196Z","2026-09-19T18:04:16.232Z","Lila","1","Fastball","Middle","Strike","Swinging","Hit spot","","","1-0","1-1",""
"3","","2026-09-19","legacy-20260919T180356196Z","2026-09-19T18:04:34.397Z","Lila","1","Fastball","In","Ball","","","Missed spot","","1-1","2-1",""
"4","","2026-09-19","legacy-20260919T180356196Z","2026-09-19T18:04:46.971Z","Lila","1","Fastball","In","Strike","Swinging","Hit spot","","","2-1","2-2",""
"5","","2026-09-19","legacy-20260919T180356196Z","2026-09-19T18:05:04.132Z","Lila","1","Fastball","In","Strike","Swinging","Hit spot","","","2-2","2-3","Strikeout"
"6","","2026-09-19","legacy-20260919T180356196Z","2026-09-19T18:05:35.035Z","Lila","2","Fastball","In","Ball","","","Right spot · called ball","","0-0","1-0",""
"7","","2026-09-19","legacy-20260919T180356196Z","2026-09-19T18:05:56.270Z","Lila","2","Fastball","","Ball","","","Missed spot","","1-0","2-0",""
"8","","2026-09-19","legacy-20260919T180356196Z","2026-09-19T18:06:14.021Z","Lila","2","Fastball","In","Strike","Swinging","Hit spot","","","2-0","2-1",""
"9","","2026-09-19","legacy-20260919T180356196Z","2026-09-19T18:06:34.091Z","Lila","2","Fastball","In","Ball","","","Missed spot","","2-1","3-1",""
"10","","2026-09-19","legacy-20260919T180356196Z","2026-09-19T18:06:57.403Z","Lila","2","Fastball","Middle","Ball","","","Right spot · called ball","","3-1","4-1","Walk"
"11","","2026-09-19","legacy-20260919T180356196Z","2026-09-19T18:07:26.257Z","Lila","3","Fastball","In","Ball","","","Missed spot","","0-0","1-0",""
"12","","2026-09-19","legacy-20260919T180356196Z","2026-09-19T18:07:46.688Z","Lila","3","Fastball","In","Strike","Swinging","Hit spot","","","1-0","1-1",""
"13","","2026-09-19","legacy-20260919T180356196Z","2026-09-19T18:08:32.668Z","Lila","3","Fastball","In","In play","","","","Hit","1-1","1-1","Hit"
"14","","2026-09-19","legacy-20260919T180356196Z","2026-09-19T18:16:56.624Z","Lila","4","Fastball","In","Ball","","","Missed spot","","0-0","1-0",""
"15","","2026-09-19","legacy-20260919T180356196Z","2026-09-19T18:17:10.320Z","Lila","4","Fastball","Middle","Ball","","","Missed spot","","1-0","2-0",""
"16","","2026-09-19","legacy-20260919T180356196Z","2026-09-19T18:17:31.005Z","Lila","4","Fastball","Down / In","Ball","","","Missed spot","","2-0","3-0",""
"17","","2026-09-19","legacy-20260919T180356196Z","2026-09-19T18:17:52.249Z","Lila","4","Fastball","Down","Strike","Looking","Hit spot","","","3-0","3-1",""
"18","","2026-09-19","legacy-20260919T180356196Z","2026-09-19T18:18:12.206Z","Lila","4","Fastball","In","Ball","","","Missed spot","","3-1","4-1","Walk"
"19","","2026-09-19","legacy-20260919T180356196Z","2026-09-19T18:18:45.389Z","Lila","5","Fastball","Middle","In play","","","","Hit","0-0","0-0","Hit"
"20","","2026-09-19","legacy-20260919T180356196Z","2026-09-19T18:19:31.280Z","Lila","6","Fastball","In","In play","","","","Out","0-0","0-0","Out"
"21","","2026-09-19","legacy-20260919T180356196Z","2026-09-19T18:20:09.930Z","Lila","7","Fastball","Out","Ball","","","Right spot · called ball","","0-0","1-0",""
"22","","2026-09-19","legacy-20260919T180356196Z","2026-09-19T18:20:27.248Z","Lila","7","Fastball","In","Ball","","","Missed spot","","1-0","2-0",""
"23","","2026-09-19","legacy-20260919T180356196Z","2026-09-19T18:20:49.812Z","Lila","7","Fastball","Out","HBP","","","","","2-0","2-0","Hit by pitch"
"24","","2026-09-19","legacy-20260919T180356196Z","2026-09-19T18:22:17.650Z","Lila","8","Fastball","In","Strike","Swinging","Hit spot","","","0-0","0-1",""
"25","","2026-09-19","legacy-20260919T180356196Z","2026-09-19T18:22:43.348Z","Lila","8","Fastball","Middle","Ball","","","Right spot · called ball","","0-1","1-1",""
"26","","2026-09-19","legacy-20260919T180356196Z","2026-09-19T18:23:01.658Z","Lila","8","Fastball","Middle","HBP","","","","","1-1","1-1","Hit by pitch"
"27","","2026-09-19","legacy-20260919T180356196Z","2026-09-19T18:23:40.349Z","Lila","9","Fastball","Middle","Ball","","","Missed spot","","0-0","1-0",""
"28","","2026-09-19","legacy-20260919T180356196Z","2026-09-19T18:24:05.005Z","Lila","9","Fastball","Middle","Ball","","","Right spot · called ball","","1-0","2-0",""
"29","","2026-09-19","legacy-20260919T180356196Z","2026-09-19T18:24:22.919Z","Lila","9","Fastball","In","Strike","Swinging","Hit spot","","","2-0","2-1",""
"30","","2026-09-19","legacy-20260919T180356196Z","2026-09-19T18:24:46.451Z","Lila","9","Fastball","Middle","Strike","Looking","Hit spot","","","2-1","2-2",""
"31","","2026-09-19","legacy-20260919T180356196Z","2026-09-19T18:25:16.133Z","Lila","9","Fastball","Middle","Ball","","","Wild pitch","","2-2","3-2",""
"32","","2026-09-19","legacy-20260919T180356196Z","2026-09-19T18:25:56.336Z","Lila","9","Fastball","Middle","Ball","","","Missed spot","","3-2","4-2","Walk"
"33","","2026-09-19","legacy-20260919T180356196Z","2026-09-19T18:26:24.243Z","Lila","10","Fastball","Out","Ball","","","Missed spot","","0-0","1-0",""
"34","","2026-09-19","legacy-20260919T180356196Z","2026-09-19T18:26:51.708Z","Lila","10","Fastball","Down","Strike","Swinging","Hit spot","","","1-0","1-1",""
"35","","2026-09-19","legacy-20260919T180356196Z","2026-09-19T18:27:19.561Z","Lila","10","Fastball","Out","Foul","","","","","1-1","1-2",""
"36","","2026-09-19","legacy-20260919T180356196Z","2026-09-19T18:27:42.875Z","Lila","10","Fastball","Out","Foul","","","","","1-2","1-2",""
"37","","2026-09-19","legacy-20260919T180356196Z","2026-09-19T18:28:11.678Z","Lila","10","Fastball","Out","Foul","","","","","1-2","1-2",""
"38","","2026-09-19","legacy-20260919T180356196Z","2026-09-19T18:28:45.997Z","Lila","10","Fastball","Middle","In play","","","","Hit","1-2","1-2","Hit"
"39","","2026-09-19","legacy-20260919T180356196Z","2026-09-19T18:29:13.700Z","Lila","11","Fastball","Middle","Foul","","","","","0-0","0-1",""
"40","","2026-09-19","legacy-20260919T180356196Z","2026-09-19T18:29:36.377Z","Lila","11","Fastball","Middle","Strike","Swinging","Hit spot","","","0-1","0-2",""
"41","","2026-09-19","legacy-20260919T180356196Z","2026-09-19T18:30:02.630Z","Lila","11","Fastball","Middle","Strike","Looking","Hit spot","","","0-2","0-3","Strikeout"
"42","","2026-09-19","legacy-20260919T180356196Z","2026-09-19T18:38:24.789Z","Ellie","12","Fastball","In","Ball","","","Missed spot","","0-0","1-0",""
"43","","2026-09-19","legacy-20260919T180356196Z","2026-09-19T18:38:50.521Z","Ellie","12","Fastball","Middle","In play","","","","Out","1-0","1-0","Out"
"44","","2026-09-19","legacy-20260919T180356196Z","2026-09-19T18:39:16.830Z","Ellie","13","Fastball","Out","Strike","Looking","Hit spot","","","0-0","0-1",""
"45","","2026-09-19","legacy-20260919T180356196Z","2026-09-19T18:39:36.096Z","Ellie","13","Fastball","Out","Strike","Looking","Hit spot","","","0-1","0-2",""
"46","","2026-09-19","legacy-20260919T180356196Z","2026-09-19T18:40:01.894Z","Ellie","13","Change-up","Middle","In play","","","","Hit","0-2","0-2","Hit"
"47","","2026-09-19","legacy-20260919T180356196Z","2026-09-19T18:40:47.373Z","Ellie","14","Fastball","Out","Strike","Swinging","Hit spot","","","0-0","0-1",""
"48","","2026-09-19","legacy-20260919T180356196Z","2026-09-19T18:41:07.424Z","Ellie","14","Change-up","Middle","Ball","","","Missed spot","","0-1","1-1",""
"49","","2026-09-19","legacy-20260919T180356196Z","2026-09-19T18:41:30.251Z","Ellie","14","Fastball","Out","Strike","Swinging","Hit spot","","","1-1","1-2",""
"50","","2026-09-19","legacy-20260919T180356196Z","2026-09-19T18:42:07.259Z","Ellie","14","Change-up","Middle","Strike","Swinging","Hit spot","","","1-2","1-3","Strikeout"
"51","","2026-09-19","legacy-20260919T180356196Z","2026-09-19T18:43:00.292Z","Ellie","15","Fastball","Middle","In play","","","","Out","0-0","0-0","Out"
"52","","2026-09-19","legacy-20260919T180356196Z","2026-09-19T18:43:55.098Z","Ellie","16","Fastball","Middle","In play","","","","Hit","0-0","0-0","Hit"
"53","","2026-09-19","legacy-20260919T180356196Z","2026-09-19T18:45:20.914Z","Ellie","17","Fastball","Out","In play","","","","Out","0-0","0-0","Out"
"54","","2026-09-19","legacy-20260919T180356196Z","2026-09-19T19:00:26.540Z","Paige","18","Fastball","Middle","Ball","","","Right spot · called ball","","0-0","1-0",""
"55","","2026-09-19","legacy-20260919T180356196Z","2026-09-19T19:00:46.408Z","Paige","18","Fastball","Middle","Strike","Looking","Missed spot","","","1-0","1-1",""
"56","","2026-09-19","legacy-20260919T180356196Z","2026-09-19T19:01:06.297Z","Paige","18","Change-up","Middle","Ball","","","Missed spot","","1-1","2-1",""
"57","","2026-09-19","legacy-20260919T180356196Z","2026-09-19T19:01:26.020Z","Paige","18","Fastball","Up / Out","Ball","","","Missed spot","","2-1","3-1",""
"58","","2026-09-19","legacy-20260919T180356196Z","2026-09-19T19:01:40.407Z","Paige","18","Fastball","Middle","Ball","","","Missed spot","","3-1","4-1","Walk"
"59","","2026-09-19","legacy-20260919T180356196Z","2026-09-19T19:02:08.648Z","Paige","19","Fastball","Middle","Ball","","","Missed spot","","0-0","1-0",""
"60","","2026-09-19","legacy-20260919T180356196Z","2026-09-19T19:02:30.030Z","Paige","19","Fastball","Middle","Strike","Swinging","Hit spot","","","1-0","1-1",""
"61","","2026-09-19","legacy-20260919T180356196Z","2026-09-19T19:02:54.102Z","Paige","19","Fastball","Out","Foul","","","","","1-1","1-2",""
"62","","2026-09-19","legacy-20260919T180356196Z","2026-09-19T19:03:17.017Z","Paige","19","Fastball","Out","Ball","","","Missed spot","","1-2","2-2",""
"63","","2026-09-19","legacy-20260919T180356196Z","2026-09-19T19:03:42.998Z","Paige","19","Change-up","Middle","Ball","","","Missed spot","","2-2","3-2",""
"64","","2026-09-19","legacy-20260919T180356196Z","2026-09-19T19:04:03.184Z","Paige","19","Fastball","Middle","In play","","","","Hit","3-2","3-2","Hit"
"65","","2026-09-19","legacy-20260919T180356196Z","2026-09-19T19:04:31.845Z","Paige","20","Change-up","Middle","Foul","","","","","0-0","0-1",""
"66","","2026-09-19","legacy-20260919T180356196Z","2026-09-19T19:05:02.131Z","Paige","20","Rise","Up","Ball","","","Right spot · called ball","","0-1","1-1",""
"67","","2026-09-19","legacy-20260919T180356196Z","2026-09-19T19:05:18.190Z","Paige","20","Change-up","Middle","Ball","","","Missed spot","","1-1","2-1",""
"68","","2026-09-19","legacy-20260919T180356196Z","2026-09-19T19:05:40.042Z","Paige","20","Fastball","Middle","Strike","Looking","Hit spot","","","2-1","2-2",""
"69","","2026-09-19","legacy-20260919T180356196Z","2026-09-19T19:06:01.486Z","Paige","20","Change-up","Middle","Ball","","","Missed spot","","2-2","3-2",""
"70","","2026-09-19","legacy-20260919T180356196Z","2026-09-19T19:06:42.155Z","Paige","20","Fastball","Out","Strike","Swinging","Hit spot","","","3-2","3-3","Strikeout"
"71","","2026-09-19","legacy-20260919T180356196Z","2026-09-19T19:07:23.093Z","Paige","21","Fastball","Down","Ball","","","Right spot · called ball","","0-0","1-0",""
"72","","2026-09-19","legacy-20260919T180356196Z","2026-09-19T19:07:38.553Z","Paige","21","Rise","Up","Strike","Swinging","Hit spot","","","1-0","1-1",""
"73","","2026-09-19","legacy-20260919T180356196Z","2026-09-19T19:08:01.843Z","Paige","21","Fastball","Out","Ball","","","Right spot · called ball","","1-1","2-1",""
"74","","2026-09-19","legacy-20260919T180356196Z","2026-09-19T19:08:22.399Z","Paige","21","Fastball","Middle","Strike","Swinging","Hit spot","","","2-1","2-2",""
"75","","2026-09-19","legacy-20260919T180356196Z","2026-09-19T19:08:46.434Z","Paige","21","Fastball","Out","Strike","Swinging","Hit spot","","","2-2","2-3","Strikeout"
"76","","2026-09-19","legacy-20260919T180356196Z","2026-09-19T19:18:32.896Z","Emery","22","Fastball","In","In play","","","","Out","0-0","0-0","Out"
"77","","2026-09-19","legacy-20260919T180356196Z","2026-09-19T19:19:07.763Z","Emery","23","Fastball","Out","Strike","Swinging","Hit spot","","","0-0","0-1",""
"78","","2026-09-19","legacy-20260919T180356196Z","2026-09-19T19:19:30.718Z","Emery","23","Drop","Down","Ball","","","Missed spot","","0-1","1-1",""
"79","","2026-09-19","legacy-20260919T180356196Z","2026-09-19T19:19:56.292Z","Emery","23","Drop","Down","Ball","","","Right spot · called ball","","1-1","2-1",""
"80","","2026-09-19","legacy-20260919T180356196Z","2026-09-19T19:20:11.993Z","Emery","23","Fastball","In","Strike","Looking","Hit spot","","","2-1","2-2",""
"81","","2026-09-19","legacy-20260919T180356196Z","2026-09-19T19:20:35.999Z","Emery","23","Fastball","In","In play","","","","Hit","2-2","2-2","Hit"
"82","","2026-09-19","legacy-20260919T180356196Z","2026-09-19T19:21:22.274Z","Emery","24","Fastball","Up / Out","Strike","Looking","Hit spot","","","0-0","0-1",""
"83","","2026-09-19","legacy-20260919T180356196Z","2026-09-19T19:21:44.043Z","Emery","24","Change-up","Middle","Foul","","","","","0-1","0-2",""
"84","","2026-09-19","legacy-20260919T180356196Z","2026-09-19T19:22:22.171Z","Emery","24","Fastball","Out","Ball","","","Right spot · called ball","","0-2","1-2",""
"85","","2026-09-19","legacy-20260919T180356196Z","2026-09-19T19:22:36.360Z","Emery","24","Fastball","In","Foul","","","","","1-2","1-2",""
"86","","2026-09-19","legacy-20260919T180356196Z","2026-09-19T19:23:02.837Z","Emery","24","Change-up","Middle","In play","","","","Out","1-2","1-2","Out"
"87","","2026-09-19","legacy-20260919T180356196Z","2026-09-19T19:23:36.582Z","Emery","25","Fastball","In","Ball","","","Missed spot","","0-0","1-0",""
"88","","2026-09-19","legacy-20260919T180356196Z","2026-09-19T19:24:10.255Z","Emery","25","Fastball","Middle","Ball","","","Right spot · called ball","","1-0","2-0",""
"89","","2026-09-19","legacy-20260919T180356196Z","2026-09-19T19:24:26.391Z","Emery","25","Fastball","In","Ball","","","Missed spot","","2-0","3-0",""
"90","","2026-09-19","legacy-20260919T180356196Z","2026-09-19T19:24:45.309Z","Emery","25","Fastball","Middle","Strike","Looking","Hit spot","","","3-0","3-1",""
"91","","2026-09-19","legacy-20260919T180356196Z","2026-09-19T19:25:04.953Z","Emery","25","Fastball","Middle","Foul","","","","","3-1","3-2",""
"92","","2026-09-19","legacy-20260919T180356196Z","2026-09-19T19:25:31.588Z","Emery","25","Fastball","Middle","Foul","","","","","3-2","3-2",""
"93","","2026-09-19","legacy-20260919T180356196Z","2026-09-19T19:26:00.782Z","Emery","25","Fastball","Middle","Strike","Looking","Hit spot","","","3-2","3-3","Strikeout"
"1","Tyx","2026-09-19","game-mu92wxki-xp2epo","2026-09-19T18:03:56.196Z","Lila","1","Fastball","Middle","Ball","","","Missed spot","","0-0","1-0",""
"2","Tyx","2026-09-19","game-mu92wxki-xp2epo","2026-09-19T18:04:16.232Z","Lila","1","Fastball","Middle","Strike","Swinging","Hit spot","","","1-0","1-1",""
"3","Tyx","2026-09-19","game-mu92wxki-xp2epo","2026-09-19T18:04:34.397Z","Lila","1","Fastball","In","Ball","","","Missed spot","","1-1","2-1",""
"4","Tyx","2026-09-19","game-mu92wxki-xp2epo","2026-09-19T18:04:46.971Z","Lila","1","Fastball","In","Strike","Swinging","Hit spot","","","2-1","2-2",""
"5","Tyx","2026-09-19","game-mu92wxki-xp2epo","2026-09-19T18:05:04.132Z","Lila","1","Fastball","In","Strike","Swinging","Hit spot","","","2-2","2-3","Strikeout"
"6","Tyx","2026-09-19","game-mu92wxki-xp2epo","2026-09-19T18:05:35.035Z","Lila","2","Fastball","In","Ball","","","Right spot · called ball","","0-0","1-0",""
"7","Tyx","2026-09-19","game-mu92wxki-xp2epo","2026-09-19T18:05:56.270Z","Lila","2","Fastball","","Ball","","","Missed spot","","1-0","2-0",""
"8","Tyx","2026-09-19","game-mu92wxki-xp2epo","2026-09-19T18:06:14.021Z","Lila","2","Fastball","In","Strike","Swinging","Hit spot","","","2-0","2-1",""
"9","Tyx","2026-09-19","game-mu92wxki-xp2epo","2026-09-19T18:06:34.091Z","Lila","2","Fastball","In","Ball","","","Missed spot","","2-1","3-1",""
"10","Tyx","2026-09-19","game-mu92wxki-xp2epo","2026-09-19T18:06:57.403Z","Lila","2","Fastball","Middle","Ball","","","Right spot · called ball","","3-1","4-1","Walk"
"11","Tyx","2026-09-19","game-mu92wxki-xp2epo","2026-09-19T18:07:26.257Z","Lila","3","Fastball","In","Ball","","","Missed spot","","0-0","1-0",""
"12","Tyx","2026-09-19","game-mu92wxki-xp2epo","2026-09-19T18:07:46.688Z","Lila","3","Fastball","In","Strike","Swinging","Hit spot","","","1-0","1-1",""
"13","Tyx","2026-09-19","game-mu92wxki-xp2epo","2026-09-19T18:08:32.668Z","Lila","3","Fastball","In","In play","","","","Hit","1-1","1-1","Hit"
"14","Tyx","2026-09-19","game-mu92wxki-xp2epo","2026-09-19T18:16:56.624Z","Lila","4","Fastball","In","Ball","","","Missed spot","","0-0","1-0",""
"15","Tyx","2026-09-19","game-mu92wxki-xp2epo","2026-09-19T18:17:10.320Z","Lila","4","Fastball","Middle","Ball","","","Missed spot","","1-0","2-0",""
"16","Tyx","2026-09-19","game-mu92wxki-xp2epo","2026-09-19T18:17:31.005Z","Lila","4","Fastball","Down / In","Ball","","","Missed spot","","2-0","3-0",""
"17","Tyx","2026-09-19","game-mu92wxki-xp2epo","2026-09-19T18:17:52.249Z","Lila","4","Fastball","Down","Strike","Looking","Hit spot","","","3-0","3-1",""
"18","Tyx","2026-09-19","game-mu92wxki-xp2epo","2026-09-19T18:18:12.206Z","Lila","4","Fastball","In","Ball","","","Missed spot","","3-1","4-1","Walk"
"19","Tyx","2026-09-19","game-mu92wxki-xp2epo","2026-09-19T18:18:45.389Z","Lila","5","Fastball","Middle","In play","","","","Hit","0-0","0-0","Hit"
"20","Tyx","2026-09-19","game-mu92wxki-xp2epo","2026-09-19T18:19:31.280Z","Lila","6","Fastball","In","In play","","","","Out","0-0","0-0","Out"
"21","Tyx","2026-09-19","game-mu92wxki-xp2epo","2026-09-19T18:20:09.930Z","Lila","7","Fastball","Out","Ball","","","Right spot · called ball","","0-0","1-0",""
"22","Tyx","2026-09-19","game-mu92wxki-xp2epo","2026-09-19T18:20:27.248Z","Lila","7","Fastball","In","Ball","","","Missed spot","","1-0","2-0",""
"23","Tyx","2026-09-19","game-mu92wxki-xp2epo","2026-09-19T18:20:49.812Z","Lila","7","Fastball","Out","HBP","","","","","2-0","2-0","Hit by pitch"
"24","Tyx","2026-09-19","game-mu92wxki-xp2epo","2026-09-19T18:22:17.650Z","Lila","8","Fastball","In","Strike","Swinging","Hit spot","","","0-0","0-1",""
"25","Tyx","2026-09-19","game-mu92wxki-xp2epo","2026-09-19T18:22:43.348Z","Lila","8","Fastball","Middle","Ball","","","Right spot · called ball","","0-1","1-1",""
"26","Tyx","2026-09-19","game-mu92wxki-xp2epo","2026-09-19T18:23:01.658Z","Lila","8","Fastball","Middle","HBP","","","","","1-1","1-1","Hit by pitch"
"27","Tyx","2026-09-19","game-mu92wxki-xp2epo","2026-09-19T18:23:40.349Z","Lila","9","Fastball","Middle","Ball","","","Missed spot","","0-0","1-0",""
"28","Tyx","2026-09-19","game-mu92wxki-xp2epo","2026-09-19T18:24:05.005Z","Lila","9","Fastball","Middle","Ball","","","Right spot · called ball","","1-0","2-0",""
"29","Tyx","2026-09-19","game-mu92wxki-xp2epo","2026-09-19T18:24:22.919Z","Lila","9","Fastball","In","Strike","Swinging","Hit spot","","","2-0","2-1",""
"30","Tyx","2026-09-19","game-mu92wxki-xp2epo","2026-09-19T18:24:46.451Z","Lila","9","Fastball","Middle","Strike","Looking","Hit spot","","","2-1","2-2",""
"31","Tyx","2026-09-19","game-mu92wxki-xp2epo","2026-09-19T18:25:16.133Z","Lila","9","Fastball","Middle","Ball","","","Wild pitch","","2-2","3-2",""
"32","Tyx","2026-09-19","game-mu92wxki-xp2epo","2026-09-19T18:25:56.336Z","Lila","9","Fastball","Middle","Ball","","","Missed spot","","3-2","4-2","Walk"
"33","Tyx","2026-09-19","game-mu92wxki-xp2epo","2026-09-19T18:26:24.243Z","Lila","10","Fastball","Out","Ball","","","Missed spot","","0-0","1-0",""
"34","Tyx","2026-09-19","game-mu92wxki-xp2epo","2026-09-19T18:26:51.708Z","Lila","10","Fastball","Down","Strike","Swinging","Hit spot","","","1-0","1-1",""
"35","Tyx","2026-09-19","game-mu92wxki-xp2epo","2026-09-19T18:27:19.561Z","Lila","10","Fastball","Out","Foul","","","","","1-1","1-2",""
"36","Tyx","2026-09-19","game-mu92wxki-xp2epo","2026-09-19T18:27:42.875Z","Lila","10","Fastball","Out","Foul","","","","","1-2","1-2",""
"37","Tyx","2026-09-19","game-mu92wxki-xp2epo","2026-09-19T18:28:11.678Z","Lila","10","Fastball","Out","Foul","","","","","1-2","1-2",""
"38","Tyx","2026-09-19","game-mu92wxki-xp2epo","2026-09-19T18:28:45.997Z","Lila","10","Fastball","Middle","In play","","","","Hit","1-2","1-2","Hit"
"39","Tyx","2026-09-19","game-mu92wxki-xp2epo","2026-09-19T18:29:13.700Z","Lila","11","Fastball","Middle","Foul","","","","","0-0","0-1",""
"40","Tyx","2026-09-19","game-mu92wxki-xp2epo","2026-09-19T18:29:36.377Z","Lila","11","Fastball","Middle","Strike","Swinging","Hit spot","","","0-1","0-2",""
"41","Tyx","2026-09-19","game-mu92wxki-xp2epo","2026-09-19T18:30:02.630Z","Lila","11","Fastball","Middle","Strike","Looking","Hit spot","","","0-2","0-3","Strikeout"
"42","Tyx","2026-09-19","game-mu92wxki-xp2epo","2026-09-19T18:38:24.789Z","Ellie","12","Fastball","In","Ball","","","Missed spot","","0-0","1-0",""
"43","Tyx","2026-09-19","game-mu92wxki-xp2epo","2026-09-19T18:38:50.521Z","Ellie","12","Fastball","Middle","In play","","","","Out","1-0","1-0","Out"
"44","Tyx","2026-09-19","game-mu92wxki-xp2epo","2026-09-19T18:39:16.830Z","Ellie","13","Fastball","Out","Strike","Looking","Hit spot","","","0-0","0-1",""
"45","Tyx","2026-09-19","game-mu92wxki-xp2epo","2026-09-19T18:39:36.096Z","Ellie","13","Fastball","Out","Strike","Looking","Hit spot","","","0-1","0-2",""
"46","Tyx","2026-09-19","game-mu92wxki-xp2epo","2026-09-19T18:40:01.894Z","Ellie","13","Change-up","Middle","In play","","","","Hit","0-2","0-2","Hit"
"47","Tyx","2026-09-19","game-mu92wxki-xp2epo","2026-09-19T18:40:47.373Z","Ellie","14","Fastball","Out","Strike","Swinging","Hit spot","","","0-0","0-1",""
"48","Tyx","2026-09-19","game-mu92wxki-xp2epo","2026-09-19T18:41:07.424Z","Ellie","14","Change-up","Middle","Ball","","","Missed spot","","0-1","1-1",""
"49","Tyx","2026-09-19","game-mu92wxki-xp2epo","2026-09-19T18:41:30.251Z","Ellie","14","Fastball","Out","Strike","Swinging","Hit spot","","","1-1","1-2",""
"50","Tyx","2026-09-19","game-mu92wxki-xp2epo","2026-09-19T18:42:07.259Z","Ellie","14","Change-up","Middle","Strike","Swinging","Hit spot","","","1-2","1-3","Strikeout"
"51","Tyx","2026-09-19","game-mu92wxki-xp2epo","2026-09-19T18:43:00.292Z","Ellie","15","Fastball","Middle","In play","","","","Out","0-0","0-0","Out"
"52","Tyx","2026-09-19","game-mu92wxki-xp2epo","2026-09-19T18:43:55.098Z","Ellie","16","Fastball","Middle","In play","","","","Hit","0-0","0-0","Hit"
"53","Tyx","2026-09-19","game-mu92wxki-xp2epo","2026-09-19T18:45:20.914Z","Ellie","17","Fastball","Out","In play","","","","Out","0-0","0-0","Out"
"54","Tyx","2026-09-19","game-mu92wxki-xp2epo","2026-09-19T19:00:26.540Z","Paige","18","Fastball","Middle","Ball","","","Right spot · called ball","","0-0","1-0",""
"55","Tyx","2026-09-19","game-mu92wxki-xp2epo","2026-09-19T19:00:46.408Z","Paige","18","Fastball","Middle","Strike","Looking","Missed spot","","","1-0","1-1",""
"56","Tyx","2026-09-19","game-mu92wxki-xp2epo","2026-09-19T19:01:06.297Z","Paige","18","Change-up","Middle","Ball","","","Missed spot","","1-1","2-1",""
"57","Tyx","2026-09-19","game-mu92wxki-xp2epo","2026-09-19T19:01:26.020Z","Paige","18","Fastball","Up / Out","Ball","","","Missed spot","","2-1","3-1",""
"58","Tyx","2026-09-19","game-mu92wxki-xp2epo","2026-09-19T19:01:40.407Z","Paige","18","Fastball","Middle","Ball","","","Missed spot","","3-1","4-1","Walk"
"59","Tyx","2026-09-19","game-mu92wxki-xp2epo","2026-09-19T19:02:08.648Z","Paige","19","Fastball","Middle","Ball","","","Missed spot","","0-0","1-0",""
"60","Tyx","2026-09-19","game-mu92wxki-xp2epo","2026-09-19T19:02:30.030Z","Paige","19","Fastball","Middle","Strike","Swinging","Hit spot","","","1-0","1-1",""
"61","Tyx","2026-09-19","game-mu92wxki-xp2epo","2026-09-19T19:02:54.102Z","Paige","19","Fastball","Out","Foul","","","","","1-1","1-2",""
"62","Tyx","2026-09-19","game-mu92wxki-xp2epo","2026-09-19T19:03:17.017Z","Paige","19","Fastball","Out","Ball","","","Missed spot","","1-2","2-2",""
"63","Tyx","2026-09-19","game-mu92wxki-xp2epo","2026-09-19T19:03:42.998Z","Paige","19","Change-up","Middle","Ball","","","Missed spot","","2-2","3-2",""
"64","Tyx","2026-09-19","game-mu92wxki-xp2epo","2026-09-19T19:04:03.184Z","Paige","19","Fastball","Middle","In play","","","","Hit","3-2","3-2","Hit"
"65","Tyx","2026-09-19","game-mu92wxki-xp2epo","2026-09-19T19:04:31.845Z","Paige","20","Change-up","Middle","Foul","","","","","0-0","0-1",""
"66","Tyx","2026-09-19","game-mu92wxki-xp2epo","2026-09-19T19:05:02.131Z","Paige","20","Rise","Up","Ball","","","Right spot · called ball","","0-1","1-1",""
"67","Tyx","2026-09-19","game-mu92wxki-xp2epo","2026-09-19T19:05:18.190Z","Paige","20","Change-up","Middle","Ball","","","Missed spot","","1-1","2-1",""
"68","Tyx","2026-09-19","game-mu92wxki-xp2epo","2026-09-19T19:05:40.042Z","Paige","20","Fastball","Middle","Strike","Looking","Hit spot","","","2-1","2-2",""
"69","Tyx","2026-09-19","game-mu92wxki-xp2epo","2026-09-19T19:06:01.486Z","Paige","20","Change-up","Middle","Ball","","","Missed spot","","2-2","3-2",""
"70","Tyx","2026-09-19","game-mu92wxki-xp2epo","2026-09-19T19:06:42.155Z","Paige","20","Fastball","Out","Strike","Swinging","Hit spot","","","3-2","3-3","Strikeout"
"71","Tyx","2026-09-19","game-mu92wxki-xp2epo","2026-09-19T19:07:23.093Z","Paige","21","Fastball","Down","Ball","","","Right spot · called ball","","0-0","1-0",""
"72","Tyx","2026-09-19","game-mu92wxki-xp2epo","2026-09-19T19:07:38.553Z","Paige","21","Rise","Up","Strike","Swinging","Hit spot","","","1-0","1-1",""
"73","Tyx","2026-09-19","game-mu92wxki-xp2epo","2026-09-19T19:08:01.843Z","Paige","21","Fastball","Out","Ball","","","Right spot · called ball","","1-1","2-1",""
"74","Tyx","2026-09-19","game-mu92wxki-xp2epo","2026-09-19T19:08:22.399Z","Paige","21","Fastball","Middle","Strike","Swinging","Hit spot","","","2-1","2-2",""
"75","Tyx","2026-09-19","game-mu92wxki-xp2epo","2026-09-19T19:08:46.434Z","Paige","21","Fastball","Out","Strike","Swinging","Hit spot","","","2-2","2-3","Strikeout"
"76","Tyx","2026-09-19","game-mu92wxki-xp2epo","2026-09-19T19:18:32.896Z","Emery","22","Fastball","In","In play","","","","Out","0-0","0-0","Out"
"77","Tyx","2026-09-19","game-mu92wxki-xp2epo","2026-09-19T19:19:07.763Z","Emery","23","Fastball","Out","Strike","Swinging","Hit spot","","","0-0","0-1",""
"78","Tyx","2026-09-19","game-mu92wxki-xp2epo","2026-09-19T19:19:30.718Z","Emery","23","Drop","Down","Ball","","","Missed spot","","0-1","1-1",""
"79","Tyx","2026-09-19","game-mu92wxki-xp2epo","2026-09-19T19:19:56.292Z","Emery","23","Drop","Down","Ball","","","Right spot · called ball","","1-1","2-1",""
"80","Tyx","2026-09-19","game-mu92wxki-xp2epo","2026-09-19T19:20:11.993Z","Emery","23","Fastball","In","Strike","Looking","Hit spot","","","2-1","2-2",""
"81","Tyx","2026-09-19","game-mu92wxki-xp2epo","2026-09-19T19:20:35.999Z","Emery","23","Fastball","In","In play","","","","Hit","2-2","2-2","Hit"
"82","Tyx","2026-09-19","game-mu92wxki-xp2epo","2026-09-19T19:21:22.274Z","Emery","24","Fastball","Up / Out","Strike","Looking","Hit spot","","","0-0","0-1",""
"83","Tyx","2026-09-19","game-mu92wxki-xp2epo","2026-09-19T19:21:44.043Z","Emery","24","Change-up","Middle","Foul","","","","","0-1","0-2",""
"84","Tyx","2026-09-19","game-mu92wxki-xp2epo","2026-09-19T19:22:22.171Z","Emery","24","Fastball","Out","Ball","","","Right spot · called ball","","0-2","1-2",""
"85","Tyx","2026-09-19","game-mu92wxki-xp2epo","2026-09-19T19:22:36.360Z","Emery","24","Fastball","In","Foul","","","","","1-2","1-2",""
"86","Tyx","2026-09-19","game-mu92wxki-xp2epo","2026-09-19T19:23:02.837Z","Emery","24","Change-up","Middle","In play","","","","Out","1-2","1-2","Out"
"87","Tyx","2026-09-19","game-mu92wxki-xp2epo","2026-09-19T19:23:36.582Z","Emery","25","Fastball","In","Ball","","","Missed spot","","0-0","1-0",""
"88","Tyx","2026-09-19","game-mu92wxki-xp2epo","2026-09-19T19:24:10.255Z","Emery","25","Fastball","Middle","Ball","","","Right spot · called ball","","1-0","2-0",""
"89","Tyx","2026-09-19","game-mu92wxki-xp2epo","2026-09-19T19:24:26.391Z","Emery","25","Fastball","In","Ball","","","Missed spot","","2-0","3-0",""
"90","Tyx","2026-09-19","game-mu92wxki-xp2epo","2026-09-19T19:24:45.309Z","Emery","25","Fastball","Middle","Strike","Looking","Hit spot","","","3-0","3-1",""
"91","Tyx","2026-09-19","game-mu92wxki-xp2epo","2026-09-19T19:25:04.953Z","Emery","25","Fastball","Middle","Foul","","","","","3-1","3-2",""
"92","Tyx","2026-09-19","game-mu92wxki-xp2epo","2026-09-19T19:25:31.588Z","Emery","25","Fastball","Middle","Foul","","","","","3-2","3-2",""
"93","Tyx","2026-09-19","game-mu92wxki-xp2epo","2026-09-19T19:26:00.782Z","Emery","25","Fastball","Middle","Strike","Looking","Hit spot","","","3-2","3-3","Strikeout"